<world>
    <window width="512" height="512" />
    <camera>
        <position x="0" y="0" z="80" />
        <lookAt x="0" y="0" z="0" />
        <up x="0" y="1" z="0" />
        <projection fov="30" near="1" far="1000" />
    </camera>

    <lights>
        <light type="point" posx="0" posy="0" posz="0" />
    </lights>

    <group>
        <!-- Sun -->
        <group>
            <transform>
                <scale x="16" y="16" z="16" />
                <rotate time="20" x="0" y="1" z="0" />
            </transform>
            <models>
                <model file="sphere_1_10_10.3d">
                    <texture file="sun.jpg" />
                    <color>
                        <diffuse R="0" G="0" B="0" />
                        <ambient R="0" G="0" B="0" />
                        <specular R="0" G="0" B="0" />
                        <emissive R="255" G="255" B="255" />
                        <shininess value="0" />
                    </color>
                </model>
            </models>
        </group>

        <!-- Mercury -->
        <group>
            <transform>
                <rotate time="7.2" x="0" y="1" z="0" />
                <translate x="25" y="0" z="0" />
                <rotate time="3" x="0" y="1" z="0" />
                <scale x="0.38" y="0.38" z="0.38" />
            </transform>
            <models>
                <model file="sphere_1_10_10.3d">
                    <texture file="mercury.jpg" />
                    <color>
                        <diffuse R="50" G="50" B="50" />
                        <ambient R="50" G="50" B="50" />
                        <specular R="100" G="100" B="100" />
                        <emissive R="0" G="0" B="0" />
                        <shininess value="0" />
                    </color>
                </model>
            </models>
        </group>

        <!-- Venus -->
        <group>
            <transform>
                <rotate time="19.93" x="0" y="1" z="0" />
                <translate x="40" y="0" z="0" />
                <rotate time="4" x="0" y="1" z="0" />
                <scale x="0.95" y="0.95" z="0.95" />
            </transform>
            <models>
                <model file="sphere_1_10_10.3d">
                    <texture file="venus.jpg" />
                </model>
            </models>
        </group>

        <!-- Earth -->
        <group>
            <transform>
                <rotate time="30" x="0" y="1" z="0" />
                <translate x="55" y="0" z="0" />
                <rotate time="5" x="0" y="1" z="0" />
            </transform>
            <models>
                <model file="sphere_1_10_10.3d">
                    <texture file="earth.jpg" />
                </model>
            </models>

            <!-- Moon -->
            <group>
                <transform>
                    <translate x="5" y="0" z="0" />
                    <rotate time="5" x="0" y="1" z="0" />
                    <scale x="0.273" y="0.273" z="0.273" />
                </transform>
                <models>
                    <model file="sphere_1_10_10.3d">
                        <texture file="moon.jpg" />
                    </model>
                </models>
            </group>
        </group>

        <!-- Mars -->
        <group>
            <transform>
                <rotate time="32" x="0" y="1" z="0" />
                <translate x="70" y="0" z="0" />
                <rotate time="6" x="0" y="1" z="0" />
                <scale x="0.53" y="0.53" z="0.53" />
            </transform>
            <models>
                <model file="sphere_1_10_10.3d">
                    <texture file="mars.jpg" />
                </model>
            </models>
        </group>

        <!-- Jupiter -->
        <group>
            <transform>
                <rotate time="50" x="0" y="1" z="0" />
                <translate x="105" y="0" z="0" />
                <rotate time="30" x="0" y="1" z="0" />
                <scale x="11" y="11" z="11" />
            </transform>
            <models>
                <model file="sphere_1_10_10.3d">
                    <texture file="jupiter.jpg" />
                </model>
            </models>
        </group>

        <!-- Saturn -->
        <group>
            <transform>
                <rotate time="60" x="0" y="1" z="0" />
                <translate x="134" y="0" z="0" />
                <rotate time="40" x="0" y="1" z="0" />
                <scale x="9" y="9" z="9" />
            </transform>
            <models>
                <model file="sphere_1_10_10.3d">
                    <texture file="saturn.jpg" />
                </model>
            </models>

            <!-- Saturn's Ring -->
            <group>
                <transform>
                    <rotate angle="10" x="1" y="0" z="1" />
                    <scale x="0.15" y="0.15" z="0.15" />
                    <rotate time="35" x="0" y="1" z="0" />
                </transform>
                <models>
                    <model file="ring.3d">
                    </model>
                </models>
            </group>
        </group>

        <!-- Uranus -->
        <group>
            <transform>
                <rotate time="90" x="0" y="1" z="0" />
                <translate x="153" y="0" z="0" />
                <rotate time="40" x="0" y="1" z="0" />
                <scale x="4" y="4" z="4" />
            </transform>
            <models>
                <model file="sphere_1_10_10.3d">
                    <texture file="uranus.jpg" />
                </model>
            </models>
        </group>

        <!-- Neptune -->
        <group>
            <transform>
                <rotate time="95" x="0" y="1" z="0" />
                <translate x="168" y="0" z="0" />
                <rotate time="44" x="0" y="1" z="0" />
                <scale x="3.86" y="3.86" z="3.86" />
            </transform>
            <models>
                <model file="sphere_1_10_10.3d">
                    <texture file="neptune.jpg" />
                </model>
            </models>
        </group>

        <!-- Comet -->
        <group>
            <transform>
                <translate time="50" align="true">
                    <point x="0" y="-10" z="-80" />
                    <point x="-30" y="0" z="-50" />
                    <point x="-40" y="0" z="-10" />
                    <point x="0" y="10" z="100" />
                    <point x="60" y="0" z="0" />
                </translate>
                <scale x="0.3" y="0.3" z="0.3" />
            </transform>
            <models>
                <model file="bezier_10.3d">
                    <texture file="surprise.jpg" />
                </model>
            </models>
        </group>
    </group>
</world>